Query,Assessment_url
I am hiring for Java developers who can also collaborate effectively with my business teams.,https://www.shl.com/products/product-catalog/view/java-8-new/
I am hiring for Java developers who can also collaborate effectively with my business teams.,https://www.shl.com/products/product-catalog/view/java-platform-enterprise-edition-7-java-ee-7/
I am hiring for Java developers who can also collaborate effectively with my business teams.,https://www.shl.com/products/product-catalog/view/java-frameworks-new/
I am hiring for Java developers who can also collaborate effectively with my business teams.,https://www.shl.com/products/product-catalog/view/java-web-services-new/
I am hiring for Java developers who can also collaborate effectively with my business teams.,https://www.shl.com/products/product-catalog/view/enterprise-java-beans-new/
I am hiring for Java developers who can also collaborate effectively with my business teams.,https://www.shl.com/products/product-catalog/view/core-java-entry-level-new/
I am hiring for Java developers who can also collaborate effectively with my business teams.,https://www.shl.com/products/product-catalog/view/java-design-patterns-new/
I am hiring for Java developers who can also collaborate effectively with my business teams.,https://www.shl.com/products/product-catalog/view/core-java-advanced-level-new/
I am hiring for Java developers who can also collaborate effectively with my business teams.,https://www.shl.com/products/product-catalog/view/java-2-platform-enterprise-edition-1-4-fundamental/
I am hiring for Java developers who can also collaborate effectively with my business teams.,https://www.shl.com/products/product-catalog/view/workplace-administration-skills-new/
"Looking to hire mid-level professionals who are proficient in Python, SQL and Java Script.",https://www.shl.com/products/product-catalog/view/python-new/
"Looking to hire mid-level professionals who are proficient in Python, SQL and Java Script.",https://www.shl.com/products/product-catalog/view/sql-new/
"Looking to hire mid-level professionals who are proficient in Python, SQL and Java Script.",https://www.shl.com/products/product-catalog/view/java-8-new/
"Looking to hire mid-level professionals who are proficient in Python, SQL and Java Script.",https://www.shl.com/products/product-catalog/view/automata-sql-new/
"Looking to hire mid-level professionals who are proficient in Python, SQL and Java Script.",https://www.shl.com/products/product-catalog/view/sql-server-new/
"Looking to hire mid-level professionals who are proficient in Python, SQL and Java Script.",https://www.shl.com/products/product-catalog/view/java-platform-enterprise-edition-7-java-ee-7/
"Looking to hire mid-level professionals who are proficient in Python, SQL and Java Script.",https://www.shl.com/products/product-catalog/view/java-frameworks-new/
"Looking to hire mid-level professionals who are proficient in Python, SQL and Java Script.",https://www.shl.com/products/product-catalog/view/java-web-services-new/
"Looking to hire mid-level professionals who are proficient in Python, SQL and Java Script.",https://www.shl.com/products/product-catalog/view/oracle-plsql-new/
"Looking to hire mid-level professionals who are proficient in Python, SQL and Java Script.",https://www.shl.com/products/product-catalog/view/enterprise-java-beans-new/
I am hiring for an analyst and wants applications to screen using Cognitive and personality tests.,https://www.shl.com/products/product-catalog/view/visual-basic-for-applications-new/
I am hiring for an analyst and wants applications to screen using Cognitive and personality tests.,https://www.shl.com/products/product-catalog/view/interviewing-and-hiring-concepts-u-s/
I am hiring for an analyst and wants applications to screen using Cognitive and personality tests.,https://www.shl.com/products/product-catalog/view/occupational-personality-questionnaire-opq32r/
I am hiring for an analyst and wants applications to screen using Cognitive and personality tests.,https://www.shl.com/products/product-catalog/view/verify-general-ability-screen/
I am hiring for an analyst and wants applications to screen using Cognitive and personality tests.,https://www.shl.com/products/product-catalog/view/data-entry-ten-key-split-screen/
I am hiring for an analyst and wants applications to screen using Cognitive and personality tests.,https://www.shl.com/products/product-catalog/view/data-entry-numeric-split-screen-us/
I am hiring for an analyst and wants applications to screen using Cognitive and personality tests.,https://www.shl.com/products/product-catalog/view/data-entry-alphanumeric-split-screen-us/
I am hiring for an analyst and wants applications to screen using Cognitive and personality tests.,https://www.shl.com/products/product-catalog/view/split-screen-typing-test-form-1/
I am hiring for an analyst and wants applications to screen using Cognitive and personality tests.,https://www.shl.com/products/product-catalog/view/writex-email-writing-sales-new/
I am hiring for an analyst and wants applications to screen using Cognitive and personality tests.,https://www.shl.com/products/product-catalog/view/writex-email-writing-managerial-new/
Need a Java developer who is good in collaborating with external teams and stakeholders.,https://www.shl.com/products/product-catalog/view/java-8-new/
Need a Java developer who is good in collaborating with external teams and stakeholders.,https://www.shl.com/products/product-catalog/view/java-platform-enterprise-edition-7-java-ee-7/
Need a Java developer who is good in collaborating with external teams and stakeholders.,https://www.shl.com/products/product-catalog/view/java-frameworks-new/
Need a Java developer who is good in collaborating with external teams and stakeholders.,https://www.shl.com/products/product-catalog/view/java-web-services-new/
Need a Java developer who is good in collaborating with external teams and stakeholders.,https://www.shl.com/products/product-catalog/view/enterprise-java-beans-new/
Need a Java developer who is good in collaborating with external teams and stakeholders.,https://www.shl.com/products/product-catalog/view/core-java-entry-level-new/
Need a Java developer who is good in collaborating with external teams and stakeholders.,https://www.shl.com/products/product-catalog/view/java-design-patterns-new/
Need a Java developer who is good in collaborating with external teams and stakeholders.,https://www.shl.com/products/product-catalog/view/core-java-advanced-level-new/
Need a Java developer who is good in collaborating with external teams and stakeholders.,https://www.shl.com/products/product-catalog/view/java-2-platform-enterprise-edition-1-4-fundamental/
Need a Java developer who is good in collaborating with external teams and stakeholders.,https://www.shl.com/products/product-catalog/view/workplace-administration-skills-new/
